road,id,model_type,name,lat,lon,length,condition,bridge_name
N1,0,source,source,22.3691382,91.777666,555.0,,source
N1,1,link,link,22.369166,91.77419379999999,545.0,,
N1,2,bridge,bridge,22.3696841276595,91.7739258709219,3.0,A,CORNAIL HAT BOX CULVERT
N1,3,link,link,22.3762254893617,91.77054326631206,18.999999999970896,,
N1,4,link,link,22.376471600000002,91.770416,436.0000000000291,,
N1,5,link,link,22.379166,91.7675827,375.0,,
N1,6,bridge,bridge,22.3797011826666,91.7670476533333,8.3,A,GLAXO BOX CULVERT
N1,7,link,link,22.3815271,91.76522220000001,625.0,,
N1,8,bridge,bridge,22.38524588272,91.76250565776,3.0,A,PAKKA MATA BOX CULVERT
N1,9,link,link,22.3861663,91.76183329999999,313.9999999999709,,
N1,10,link,link,22.3887497,91.7607222,59.000000000029104,,
N1,11,link,link,22.3892497,91.7605,350.9999999999709,,
N1,12,link,link,22.3921108,91.75925,217.0,,
N1,13,bridge,bridge,22.3927175345622,91.7590882138248,18.0,A,GAMMON BRIDGE
N1,14,link,link,22.393777399999998,91.7588056,59.000000000029104,,
N1,15,link,link,22.3944997,91.7586944,488.9999999999709,,
N1,16,bridge,bridge,22.3963398830265,91.7582551580777,3.0,A,T. B HOSPITAL GATE BOX CULVERT
N1,17,link,link,22.398805199999998,91.7576667,7.0,,
N1,18,link,link,22.3988608,91.7576667,104.0000000000291,,
N1,19,link,link,22.3996108,91.7573333,400.0,,
N1,20,bridge,bridge,22.4030145445,91.75657411625,5.0,A,VATIARI CULVERT
N1,21,link,link,22.4032222,91.75652779999999,591.9999999999418,,
N1,22,link,link,22.408399210101013,91.75514357643098,2.000000000029104,,
N1,23,link,link,22.4084167,91.7551389,206.0,,
N1,24,link,link,22.4101111,91.7544444,200.0000000000291,,
N1,25,link,link,22.4119167,91.7543611,796.9999999999709,,
N1,26,link,link,22.4182771,91.7506667,38.0,,
N1,27,link,link,22.4185549,91.7504722,165.0000000000291,,
N1,28,link,link,22.4198882,91.74977740000001,1000.0,,
N1,29,bridge,bridge,22.4220415536,91.7480209792,35.1,B,DHAMAKHALI BRIDGE
N1,30,link,link,22.4269716,91.7439997,448.9999999999418,,
N1,31,link,link,22.4304438,91.7417219,43.000000000029104,,
N1,32,link,link,22.430749300000002,91.74152740000001,311.0,,
N1,33,link,link,22.4333049,91.7403608,137.0000000000291,,
N1,34,link,link,22.434971899999997,91.7396941,924.9999999999709,,
N1,35,bridge,bridge,22.4350737918918,91.7396527192432,40.0,A,VATERIE BRIDGE
N1,36,bridge,bridge,22.4375035216216,91.7386659473513,3.0,A,HASNA BAD BOX CULVERT
N1,37,link,link,22.4422219,91.7367497,31.0,,
N1,38,link,link,22.4424997,91.7366663,104.0000000000291,,
N1,39,link,link,22.443388600000002,91.73641629999999,1000.0,,
N1,40,bridge,bridge,22.4460793332411,91.7353674287057,26.3,C,SALAKHARPAD BRIDGE
N1,41,bridge,bridge,22.4488628503871,91.7342823894358,3.0,A,KODOM RASUL BOX CULVERT
N1,42,link,link,22.45182350044248,91.7331283022124,808.0,,
N1,43,link,link,22.4586389,91.73047159999999,25.999999999970896,,
N1,44,link,link,22.458833300000002,91.73036040000001,184.0,,
N1,45,link,link,22.4603056,91.72958270000001,1000.0,,
N1,46,bridge,bridge,22.4624386352,91.7285307,23.2,B,SHLAKHAR PAD BRIDGE
N1,47,link,link,22.468416,91.7255827,136.0,,
N1,48,link,link,22.4694438,91.72505490000002,882.9999999999709,,
N1,49,bridge,bridge,22.4728530893544,91.7232633541336,6.0,A,HATIBORI BOX CULVERT
N1,50,link,link,22.476527100000002,91.7213327,89.0000000000291,,
N1,51,link,link,22.4773049,91.7211104,25.0,,
N1,52,link,link,22.4775271,91.72105490000001,600.9999999999709,,
N1,53,bridge,bridge,22.4811642144766,91.7203633632516,23.2,B,MUDDO SONAISORI BRIDGE
N1,54,link,link,22.48280706570156,91.72005100244988,297.0000000000291,,
N1,55,link,link,22.4854163,91.7195549,174.0,,
N1,56,bridge,bridge,22.4855480068965,91.7195309517241,4.5,A,BARAOWLLA BOX CULVERT
N1,57,link,link,22.486944100000002,91.7192771,887.0,,
N1,58,bridge,bridge,22.4904405976324,91.7182726733934,3.0,B,GORA MARI BOX CULVERT
N1,59,link,link,22.494583,91.7170827,296.0,,
N1,60,link,link,22.4968052,91.7156389,19.0,,
N1,61,link,link,22.4969163,91.7155556,685.0,,
N1,62,bridge,bridge,22.5000858335766,91.7141504905109,17.6,A,GORA MARA RCC GIRDER BRIDGE
N1,63,link,link,22.5025556,91.7130556,56.999999999970896,,
N1,64,link,link,22.503,91.7128056,530.0,,
N1,65,bridge,bridge,22.5060220437735,91.7112848218867,4.5,A,ROYL CIMINT GATE CULVETRT
N1,66,link,link,22.507305600000002,91.7106389,18.000000000029104,,
N1,67,link,link,22.507444399999997,91.71055559999999,238.9999999999709,,
N1,68,link,link,22.5093611,91.7096944,12.000000000029104,,
N1,69,link,link,22.5094444,91.7096389,144.0,,
N1,70,link,link,22.510611100000002,91.7090833,262.0,,
N1,71,bridge,bridge,22.5113471164122,91.7087907889313,27.0,C,BORO KUMIRA BRIDGE
N1,72,link,link,22.512777800000002,91.70822220000001,41.0,,
N1,73,link,link,22.5131389,91.7080833,194.0,,
N1,74,link,link,22.514722199999998,91.7074444,182.0,,
N1,75,link,link,22.5161667,91.70675,45.0,,
N1,76,link,link,22.5165556,91.7065833,276.0,,
N1,77,link,link,22.518721600000003,91.7055556,65.0,,
N1,78,link,link,22.519265407228914,91.70540328072286,18.0,,
N1,79,link,link,22.519416,91.70536109999999,957.0,,
N1,80,bridge,bridge,22.5229359167189,91.7038366163009,16.3,B,KYSTELGATE ARCH
N1,81,link,link,22.5273049,91.7019444,910.0,,
N1,82,bridge,bridge,22.5303678038461,91.7004641228571,3.0,A,GULAM JUTE MILE BOX CULVERT
N1,83,link,link,22.534777399999996,91.69833299999999,90.0,,
N1,84,link,link,22.5354997,91.6979441,881.9999999999709,,
N1,85,bridge,bridge,22.5390300234693,91.6965452744898,8.2,A,SOTTANA MONDIR CULVERT
N1,86,link,link,22.5428608,91.69502740000001,119.0000000000291,,
N1,87,link,link,22.543888600000002,91.69452740000001,825.0,,
N1,88,bridge,bridge,22.5444897756363,91.6941310785454,5.2,A,DOKHIN BASH-KHALI BOX CULVERT
N1,89,bridge,bridge,22.5467727210909,91.6926260603636,3.0,A,SOUTH BALSH KHALI BOX CULVERT
N1,90,link,link,22.5501667,91.69038859999999,30.999999999970896,,
N1,91,link,link,22.5503056,91.69027740000001,144.0000000000291,,
N1,92,link,link,22.551416699999997,91.6896941,939.0,,
N1,93,bridge,bridge,22.5543319776357,91.6887963149094,21.6,B,BARSH BARIA BRIDGE
N1,94,bridge,bridge,22.5585210862619,91.687506242492,4.1,A,OHIDPUR BOX CULVERT
N1,95,link,link,22.5594444,91.6872219,316.0,,
N1,96,link,link,22.5624722,91.6863608,217.0000000000291,,
N1,97,link,link,22.564,91.6859441,13.999999999941792,,
N1,98,link,link,22.5641389,91.68591629999999,275.0,,
N1,99,bridge,bridge,22.5664212916363,91.6851826636363,4.5,A,R. R TEXTAIL BOX CULVERT
N1,100,link,link,22.566472199999996,91.68516629999999,178.0000000000291,,
N1,101,link,link,22.5679716,91.6846941,605.0000000000291,,
N1,102,bridge,bridge,22.5679968064462,91.6846866604958,8.2,A,CHARA KANDI BOX CULVERT
N1,103,bridge,bridge,22.5702905930578,91.6840096656198,3.0,A,PHPMORE BON CULVERT
N1,104,link,link,22.5730549,91.6831938,17.999999999970896,,
N1,105,link,link,22.5731938,91.6830827,377.0,,
N1,106,link,link,22.5763604,91.68180490000002,183.0,,
N1,107,bridge,bridge,22.5767930229508,91.68162274153,10.2,A,BARO-CUNDHOW BOX CULVERT
N1,108,link,link,22.5779438,91.68113819999999,330.9999999999709,,
N1,109,link,link,22.580666,91.67994379999999,343.0,,
N1,110,bridge,bridge,22.5815086746355,91.6795390413994,2.5,A,BAROGINDO CULVERT
N1,111,link,link,22.5834997,91.6785827,26.000000000029104,,
N1,112,link,link,22.5836663,91.6784716,117.0,,
N1,113,link,link,22.584583,91.6780827,756.9999999999709,,
N1,114,bridge,bridge,22.5870350167767,91.6770444686922,22.25,C,BAROCONDO BRIDGE
N1,115,link,link,22.5907497,91.6754716,408.0000000000582,,
N1,116,bridge,bridge,22.5938881803921,91.6738889367647,4.5,A,HATILOTA BOX CULVERT
N1,117,link,link,22.5939997,91.6738327,24.999999999970896,,
N1,118,link,link,22.594221899999997,91.6737771,681.0,,
N1,119,bridge,bridge,22.5971665766519,91.671819207489,9.3,B,SKM BOX CULVERT(1)
N1,120,link,link,22.599444100000003,91.6703049,49.000000000029104,,
N1,121,link,link,22.6000556,91.6699438,115.0,,
N1,122,link,link,22.601,91.66927709999999,130.0,,
N1,123,link,link,22.6015833,91.66883270000001,951.9999999999709,,
N1,124,bridge,bridge,22.6023506949579,91.6683367336134,4.5,B,KALIAVA BOX CULVERT
N1,125,bridge,bridge,22.6038394411764,91.6673745588235,2.95,A,DOKHIN MOHADEB PUR BOX CULVERT
N1,126,link,link,22.6088889,91.66411109999999,72.0,,
N1,127,link,link,22.609444399999997,91.6638333,372.0,,
N1,128,bridge,bridge,22.6117556741935,91.6625686731182,3.0,A,MADICAL MORE CULVERT
N1,129,link,link,22.6123889,91.6622222,612.0,,
N1,130,bridge,bridge,22.6149899686274,91.6602670503268,4.6,A,DULAHAJRA(R)
N1,131,link,link,22.6168604,91.6588611,16.0,,
N1,132,link,link,22.616971600000003,91.65875,91.0,,
N1,133,link,link,22.6175271,91.65825,253.0000000000291,,
N1,134,bridge,bridge,22.6177563490118,91.6580589438735,3.0,A,MOHADAB PUR BOX CULVERT
N1,135,link,link,22.6180271,91.6578333,19.999999999970896,,
N1,136,link,link,22.6194993,91.65688890000001,163.0,,
N1,137,link,link,22.620693799999998,91.6563611,332.9999999999709,,
N1,138,bridge,bridge,22.6230461711711,91.6554672531531,3.0,A,SITAKUNDA SLAB
N1,139,link,link,22.623471600000002,91.65530559999999,219.0000000000291,,
N1,140,link,link,22.625221600000003,91.6545278,83.0,,
N1,141,bridge,bridge,22.6258323373493,91.6541857554217,6.1,B,UTTOR SITAKONDO BAZAR BOX CULVERT
N1,142,link,link,22.625916,91.6541389,782.0,,
N1,143,bridge,bridge,22.6281666352941,91.6527578258312,3.0,A,EGOL PUR BOX CULVERT
N1,144,link,link,22.632027100000002,91.65038890000001,135.0,,
N1,145,link,link,22.6330827,91.649833,87.0000000000291,,
N1,146,link,link,22.6338608,91.64947190000001,973.9999999999418,,
N1,147,bridge,bridge,22.6343285718685,91.6492077265913,3.0,A,KACHAI POTTI BOX CULVERT
N1,148,bridge,bridge,22.636096590965,91.648209240657,3.0,A,KACHAI PATH BOX CULVERT
N1,149,link,link,22.641582999999997,91.6451108,470.0,,
N1,150,link,link,22.645277399999998,91.6430552,463.0,,
N1,151,bridge,bridge,22.6474561112311,91.6419171170626,12.4,A,BOTTOL BOX CULVERT
N1,152,link,link,22.6489997,91.6411108,67.0,,
N1,153,link,link,22.6494997,91.640833,411.0000000000291,,
N1,154,bridge,bridge,22.6510709547445,91.6400341194647,4.6,A,NUNA CHARA BOX CULVERT
N1,155,link,link,22.652777800000003,91.6391663,209.0,,
N1,156,link,link,22.6543889,91.63813859999999,357.0,,
N1,157,bridge,bridge,22.6547124294117,91.6379261764705,3.1,A,RONA SORA CULVERT
N1,158,link,link,22.6571389,91.636333,322.0000000000291,,
N1,159,link,link,22.6596667,91.6347219,539.9999999999709,,
N1,160,bridge,bridge,22.6615956814814,91.6335257425926,3.0,A,SATU DURUAR HAT BOX CULVERT
N1,161,link,link,22.6638333,91.6321382,138.0,,
N1,162,link,link,22.6649167,91.63155490000001,370.0,,
N1,163,bridge,bridge,22.6657838981081,91.6311293581081,3.0,A,MIRJA PUR (3) BOX CULVERT
N1,164,link,link,22.6678604,91.6301104,506.0,,
N1,165,bridge,bridge,22.6699594391304,91.6293531695652,3.0,A,Tarial Bazar Culvert
N1,166,link,link,22.6722493,91.6285271,131.0000000000291,,
N1,167,link,link,22.6733049,91.62808270000001,119.9999999999709,,
N1,168,link,link,22.6743049,91.6277493,99.0,,
N1,169,link,link,22.6751382,91.6274438,231.0,,
N1,170,link,link,22.6769438,91.62683270000001,670.0,,
N1,171,bridge,bridge,22.6769772991044,91.6268169453731,6.0,A,TARAT BOX CULVERT
N1,172,link,link,22.6825549,91.6241938,317.0,,
N1,173,link,link,22.685083,91.6228327,544.0,,
N1,174,bridge,bridge,22.6868697647058,91.6220385823529,3.2,A,BORO KAMALDA BOX CULVERT
N1,175,link,link,22.689583,91.62083270000001,98.0,,
N1,176,link,link,22.6904163,91.62052709999999,216.0,,
N1,177,bridge,bridge,22.6912517148148,91.6201690574074,4.2,A,VANGGARPOL BOX CULVERT
N1,178,link,link,22.6919719,91.61986040000001,784.0,,
N1,179,link,link,22.6984997,91.61666600000001,220.0,,
N1,180,link,link,22.7002222,91.61577779999999,381.0,,
N1,181,bridge,bridge,22.701816503937,91.6149734608923,19.2,A,DUKHIN UTHPAR BOX CULVERT
N1,182,link,link,22.7033056,91.6142222,342.0,,
N1,183,link,link,22.706,91.6126944,68.0,,
N1,184,link,link,22.7065556,91.61236109999999,137.0000000000291,,
N1,185,link,link,22.7076111,91.6118056,606.9999999999709,,
N1,186,link,link,22.7124167,91.6090556,256.0,,
N1,187,bridge,bridge,22.7138727382812,91.6082352218749,19.2,C,ISAMATI BOX CULVERT
N1,188,link,link,22.7143889,91.60794440000001,215.0,,
N1,189,link,link,22.715999999999998,91.6069167,75.0000000000291,,
N1,190,link,link,22.7165556,91.6065556,259.9999999999709,,
N1,191,bridge,bridge,22.7172707342307,91.6061084846153,3.0,A,MIRZAPUR (2) BOX CULVERT
N1,192,bridge,bridge,22.7178243865384,91.6057623307692,3.0,A,MIRJAPUR BOX CULVERT
N1,193,link,link,22.7185549,91.6053056,461.0,,
N1,194,link,link,22.7221104,91.6030833,539.0,,
N1,195,bridge,bridge,22.723316755473,91.6024331404452,3.0,A,NIAZAMPUR BOX CULVERT
N1,196,link,link,22.7263882,91.60077779999999,988.0,,
N1,197,link,link,22.7349163,91.5979719,12.0,,
N1,198,link,link,22.7349997,91.59794409999999,968.0,,
N1,199,link,link,22.743305199999998,91.5950274,32.0,,
N1,200,link,link,22.7435552,91.5949163,768.0,,
N1,201,bridge,bridge,22.7445136523437,91.5943998915364,8.1,B,BOTHAGIA (-3) BOX CULVERT
N1,202,link,link,22.749638600000004,91.5916386,232.0,,
N1,203,bridge,bridge,22.7506393495689,91.5908840370689,3.0,A,VARTAGIA BOX CULVERT
N1,204,link,link,22.751333300000002,91.5903608,157.0000000000291,,
N1,205,link,link,22.7525,91.5894719,22.999999999970896,,
N1,206,link,link,22.7526389,91.5893608,820.0,,
N1,207,bridge,bridge,22.7535653245121,91.5886004236585,12.9,A,VARTAKA BOX CULVERT
N1,208,link,link,22.758527800000003,91.58452740000001,547.0,,
N1,209,link,link,22.7621944,91.5811382,453.0,,
N1,210,bridge,bridge,22.7630626913907,91.5804538821192,4.0,A,BOKIMTOLA BOX CULVERT
N1,211,link,link,22.765472199999998,91.57855490000001,528.9999999999709,,
N1,212,link,link,22.7661944,91.5779993,2.0,,
N1,213,link,link,22.7693604,91.5756104,469.0000000000291,,
N1,214,bridge,bridge,22.770251666098,91.5750905211087,9.7,A,IANAINIPOL BOX CULVERT.
N1,215,link,link,22.7730271,91.57347159999999,23.999999999970896,,
N1,216,link,link,22.7732771,91.5733604,475.0,,
N1,217,bridge,bridge,22.774197092,91.5728737519999,6.0,A,Mirsorai(2) box culvert
N1,218,link,link,22.777110399999998,91.5713327,486.0000000000582,,
N1,219,link,link,22.781138199999997,91.5696382,14.999999999970896,,
N1,220,link,link,22.781221600000002,91.5695827,6.0,,
N1,221,link,link,22.7813327,91.5695271,994.0,,
N1,222,bridge,bridge,22.7821968918511,91.5691025661971,23.2,B,MIRAISORI BRIDGE
N1,223,link,link,22.7893608,91.5655833,35.0,,
N1,224,link,link,22.789610800000002,91.5654444,472.0,,
N1,225,link,link,22.7934163,91.5633333,493.0,,
N1,226,bridge,bridge,22.7941813523326,91.5629612622718,4.5,A,MIRSARAI BOX CUL
N1,227,link,link,22.797471899999998,91.56136109999998,845.0,,
N1,228,link,link,22.8045833,91.5591111,155.0,,
N1,229,link,link,22.805944399999998,91.5589167,2.000000000029104,,
N1,230,link,link,22.8059722,91.5589167,251.9999999999709,,
N1,231,link,link,22.808000000000003,91.5579167,406.0,,
N1,232,link,link,22.8110556,91.5563889,340.0,,
N1,233,bridge,bridge,22.811563437647,91.5562562129411,9.5,B,MUCHIPOOL CULVERT
N1,234,link,link,22.8141389,91.5555833,1000.0,,
N1,235,link,link,22.8228049,91.55313890000001,128.0,,
N1,236,link,link,22.8239438,91.5528333,872.0,,
N1,237,bridge,bridge,22.8243706577981,91.5526915454128,12.4,C,PURPU DURGAPURE BOX CUL
N1,238,bridge,bridge,22.8309613422018,91.5505028545871,4.5,A,RAIPUR (2) BOX CULVERT
N1,239,link,link,22.8313882,91.55036109999999,685.9999999999709,,
N1,240,bridge,bridge,22.8327467692419,91.5501035014577,3.0,A,RAIPUR BOX CUL-1
N1,241,link,link,22.8372497,91.5492497,314.0000000000291,,
N1,242,link,link,22.8401941,91.5490552,353.0,,
N1,243,bridge,bridge,22.8410943334277,91.5488096951841,3.0,A,MUSTAN NAGAR -4
N1,244,link,link,22.8432497,91.5482219,240.0,,
N1,245,bridge,bridge,22.8434551375,91.54814955625,1.5,A,MASTARI HAGOR 3 CULVERT
N1,246,link,link,22.8452219,91.5475274,380.0,,
N1,247,bridge,bridge,22.8453914894736,91.5474689210526,3.0,A,MUSTAU NOGAR(2)
N1,248,link,link,22.848444100000002,91.54641629999999,10.0,,
N1,249,link,link,22.8485274,91.5463886,17.0,,
N1,250,bridge,bridge,22.8486172764705,91.5463706117647,8.5,A,MASTANNAGOR BONCUL(1)
N1,251,link,link,22.8486663,91.5463608,722.0,,
N1,252,link,link,22.8550556,91.545833,113.0,,
N1,253,bridge,bridge,22.8551475327433,91.5458221849557,1.5,A,MAMAFAKIR ASTANA SLAB CULVERT
N1,254,link,link,22.855999999999998,91.5457219,165.0,,
N1,255,bridge,bridge,22.8560565672727,91.5457188709091,1.5,A,MAMAFOUN ASTANA CULVERT
N1,256,link,link,22.8575556,91.54563859999999,247.0000000000291,,
N1,257,bridge,bridge,22.8594847882591,91.5454799987854,2.0,A,MADDUM SONAPHAR-3
N1,258,link,link,22.8595833,91.54547190000001,176.9999999999418,,
N1,259,bridge,bridge,22.8609876872509,91.5451551717131,4.3,A,DHARBAR TILA CULVERT
N1,260,link,link,22.861117723107572,91.54512584501991,576.0000000000291,,
N1,261,link,link,22.8661111,91.5439997,282.0000000000291,,
N1,262,bridge,bridge,22.8680563702127,91.5432963340425,1.5,A,MADDAM SONAPAR(1) BOX CULVERT
N1,263,link,link,22.868416,91.5431663,555.9999999999709,,
N1,264,bridge,bridge,22.872722034892,91.5415958766187,2.0,A,CHAIRMEN BARI BOX CULVERT
N1,265,link,link,22.8731382,91.54144409999999,162.0,,
N1,266,link,link,22.874443799999998,91.5409719,85.0,,
N1,267,bridge,bridge,22.8746986941176,91.5408836647058,4.3,A,UTTOR SONAPAR BOX CULVERT
N1,268,link,link,22.875166,91.54072190000001,915.0,,
N1,269,link,link,22.8829993,91.5381663,1000.0,,
N1,270,link,link,22.891638600000004,91.5354719,63.0,,
N1,271,bridge,bridge,22.8916386,91.5354719,3.0,A,BAROYARHAT BOX CULVERT
N1,272,link,link,22.8921663,91.5353052,104.0,,
N1,273,link,link,22.8929719,91.5350274,113.0,,
N1,274,link,link,22.893999700000002,91.5346941,637.0,,
N1,275,link,link,22.899444100000004,91.5336108,83.0,,
N1,276,link,link,22.9003333,91.5333608,535.9999999999709,,
N1,277,bridge,bridge,22.9042462955223,91.5316297776119,3.0,A,BOROYAR PARA SLUB CULVERT
N1,278,link,link,22.9046667,91.53144379999999,464.0000000000291,,
N1,279,link,link,22.9085833,91.5294993,638.0,,
N1,280,bridge,bridge,22.9097128884012,91.5289285034482,6.1,A,BUMGAT BOXCULVERT
N1,281,link,link,22.9138056,91.5268604,228.0,,
N1,282,bridge,bridge,22.9149647061403,91.5262895350877,220.6,B,DHOOM GHAT PC GIRDER
N1,283,link,link,22.9156667,91.5259438,134.0,,
N1,284,link,link,22.916721600000002,91.5253882,1000.0,,
N1,285,link,link,22.924888199999998,91.5213327,1000.0,,
N1,286,link,link,22.932971600000002,91.51722159999998,1000.0,,
N1,287,link,link,22.940832999999998,91.5124444,381.0,,
N1,288,link,link,22.943944100000003,91.51086109999999,619.0,,
N1,289,link,link,22.9482774,91.50725,509.0,,
N1,290,link,link,22.949582999999997,91.50277779999999,211.0,,
N1,291,bridge,bridge,22.9496126090047,91.502066899526,191.5,B,MUHURI BRIDGE
N1,292,link,link,22.9496663,91.5007778,288.0,,
N1,293,link,link,22.9497774,91.49802740000001,1000.0,,
N1,294,link,link,22.9497497,91.4883608,1008.0,,
N1,295,bridge,bridge,22.9486038666666,91.4794993833333,1.5,A,FAZAILPUR BOXCULVERT
N1,296,link,link,22.9484997,91.4786938,262.0,,
N1,297,link,link,22.9483608,91.4761382,738.0,,
N1,298,link,link,22.9479997,91.46899930000001,1012.0,,
N1,299,link,link,22.9514444,91.46002779999999,1000.0,,
N1,300,link,link,22.9561389,91.45177779999999,1043.0,,
N1,301,link,link,22.9611667,91.44338859999999,111.0,,
N1,302,bridge,bridge,22.9614487369369,91.4429962027027,94.05,B,LAMUA BRIDGE
N1,303,link,link,22.9618056,91.4424997,109.0,,
N1,304,link,link,22.9624167,91.44169409999999,780.0,,
N1,305,link,link,22.966333300000002,91.4356108,1000.0,,
N1,306,link,link,22.9711382,91.4273882,1000.0,,
N1,307,link,link,22.9774438,91.42058270000001,1051.0,,
N1,308,link,link,22.984221899999998,91.41372220000001,256.0,,
N1,309,link,link,22.985888600000003,91.4120556,296.0,,
N1,310,link,link,22.9877774,91.41,448.0,,
N1,311,link,link,22.990694100000002,91.4072222,917.0,,
N1,312,bridge,bridge,22.9927169359869,91.4047486961832,1.9,A,.
N1,313,bridge,bridge,22.9945936133042,91.4024539137404,22.15,A,Rampur Bridge(R)
N1,314,bridge,bridge,22.9947280792802,91.4022894900763,23.4,A,RAMPUR BRIDGE
N1,315,link,link,22.9960552,91.4006667,23.0,,
N1,316,link,link,22.9961941,91.4005,85.0,,
N1,317,link,link,22.996388600000003,91.3998052,1000.0,,
N1,318,bridge,bridge,22.999248756,91.3957752,1.5,A,RAMPUR BOX CULVERT
N1,319,link,link,23.0018889,91.3920552,1407.0,,
N1,320,link,link,23.009555600000002,91.3813604,614.0,,
N1,321,bridge,bridge,23.0124048410423,91.3779796149837,3.4,A,CHARIPUR CULVERT.
N1,322,link,link,23.0132778,91.37694379999999,125.0,,
N1,323,link,link,23.014083300000003,91.37597159999999,724.0,,
N1,324,link,link,23.0185271,91.37083270000001,151.0,,
N1,325,link,link,23.0193604,91.3697771,761.0,,
N1,326,link,link,23.024832699999997,91.3655278,240.0000000000291,,
N1,327,link,link,23.026971600000003,91.3655,286.9999999999709,,
N1,328,bridge,bridge,23.0269801170731,91.3655004839721,1.6,A,DEBIPUR SLAB CULVERT
N1,329,link,link,23.029416,91.36563890000001,734.9999999999709,,
N1,330,link,link,23.0360274,91.36575,468.0000000000291,,
N1,331,bridge,bridge,23.0379728055555,91.3656784724359,10.8,A,FATAPUR BOX CULVERT
N1,332,link,link,23.0398052,91.3656111,336.0,,
N1,333,link,link,23.0427774,91.3654444,195.9999999999709,,
N1,334,link,link,23.044971899999997,91.36536109999999,521.0000000000291,,
N1,335,link,link,23.047944100000002,91.3651389,500.0,,
N1,336,link,link,23.0538611,91.36372220000001,882.0,,
N1,337,bridge,bridge,23.0607473333333,91.3618624619047,4.0,B,MOHAMMAD ALI MAZAR
N1,338,link,link,23.061472199999997,91.3616667,230.0,,
N1,339,link,link,23.063527800000003,91.3616389,18.0,,
N1,340,link,link,23.0636944,91.3616389,611.0,,
N1,341,link,link,23.0688604,91.36072220000001,275.0,,
N1,342,bridge,bridge,23.070198184,91.3603022,6.1,B,DUTHOSHA BOX CULVERT
N1,343,link,link,23.0712493,91.3599722,234.0,,
N1,344,link,link,23.0732493,91.3594167,766.0,,
N1,345,bridge,bridge,23.0779647046997,91.3566005031331,14.2,B,KOKALI BOX CULVERT
N1,346,link,link,23.0792493,91.3558333,193.0,,
N1,347,link,link,23.0806938,91.35494440000001,17.0,,
N1,348,link,link,23.0808049,91.3548611,527.0,,
N1,349,bridge,bridge,23.0819909531309,91.3541811474383,3.5,A,UTTOR KAIEATI CULVERT
N1,350,link,link,23.0849719,91.35247220000001,345.0,,
N1,351,bridge,bridge,23.0870753710144,91.3512101492753,9.25,B,FOEALTPARA BOX CULVERT
N1,352,link,link,23.0876108,91.35088890000002,312.0,,
N1,353,link,link,23.0901108,91.34941629999999,688.0,,
N1,354,bridge,bridge,23.0930298369186,91.3478308386627,3.1,A,PODOYA BOX CULVERT
N1,355,link,link,23.095582999999998,91.3464441,82.0,,
N1,356,link,link,23.0961941,91.3461108,549.9999999999709,,
N1,357,bridge,bridge,23.0973512527272,91.3454956309091,9.5,B,ADONCORA
N1,358,link,link,23.1005833,91.34377740000001,368.0000000000291,,
N1,359,bridge,bridge,23.1017563206521,91.343162998913,3.1,B,CHANGARPULL(II) BOX CULVERT
N1,360,link,link,23.1035,91.3422497,205.0000000000291,,
N1,361,link,link,23.105111100000002,91.3413608,720.0,,
N1,362,bridge,bridge,23.1074284451388,91.3400495436111,6.1,A,Chanara Box Culvert
N1,363,link,link,23.110805600000003,91.3381386,74.9999999999709,,
N1,364,link,link,23.1113611,91.3378052,1000.0,,
N1,365,bridge,bridge,23.1158251554,91.335094485,5.3,B,KAKKARA CULVERT
N1,366,link,link,23.1191382,91.3330827,28.0,,
N1,367,link,link,23.1193049,91.3329993,248.0,,
N1,368,bridge,bridge,23.1196973774193,91.3328165129032,4.5,B,FOKIR BAZAR SLAB CULVERT
N1,369,link,link,23.1213327,91.33205490000002,255.0,,
N1,370,link,link,23.123499300000002,91.3311382,675.0,,
N1,371,bridge,bridge,23.1252363577777,91.3303863688888,6.5,A,HASO BOTHACH BOX CULVERT
N1,372,link,link,23.129082699999998,91.3287216,69.99999999998545,,
N1,373,link,link,23.1295827,91.3284993,898.0000000000291,,
N1,374,bridge,bridge,23.1332639685968,91.327546416481,3.0,B,JAGOT PUR BOX CULVERT
N1,375,link,link,23.1374163,91.32647159999999,101.9999999999709,,
N1,376,link,link,23.138221899999998,91.32630490000001,579.0000000000146,,
N1,377,bridge,bridge,23.1389893200345,91.3263585348877,6.1,B,JAGARNATHPUR BOX CULVERT
N1,378,link,link,23.1433886,91.326666,420.99999999998545,,
N1,379,bridge,bridge,23.1436667679334,91.3266680470308,3.5,B,DIMATOLY (2) BOX CULVERT
N1,380,link,link,23.1471663,91.3266938,99.0000000000291,,
N1,381,link,link,23.148027399999997,91.3264993,269.0,,
N1,382,link,link,23.1496941,91.3254993,631.9999999999709,,
N1,383,bridge,bridge,23.1527364949367,91.3243178772152,6.3,B,DIMATOLI (1) BOX CULVERT
N1,384,link,link,23.1554167,91.3232771,208.00000000001455,,
N1,385,link,link,23.157166699999998,91.3224993,791.9999999999854,,
N1,386,bridge,bridge,23.1635138669191,91.3215889464646,9.5,A,ANDAJER BAZER BOX CULVERT
N1,387,link,link,23.1641389,91.3214993,440.0,,
N1,388,link,link,23.1680549,91.3213604,14.000000000029104,,
N1,389,link,link,23.168138199999998,91.3213604,545.9999999999709,,
N1,390,bridge,bridge,23.1726272318681,91.3205774642857,3.1,B,NANKORA BOX CULVERT
N1,391,link,link,23.172916,91.32052709999999,515.0,,
N1,392,link,link,23.177360399999998,91.31980490000001,614.0000000000291,,
N1,393,bridge,bridge,23.1817958149837,91.3208787514658,9.5,B,BASHONTA PUR (2)
N1,394,link,link,23.1826382,91.3210827,465.0,,
N1,395,link,link,23.1866108,91.32127709999999,11.999999999985448,,
N1,396,link,link,23.1866941,91.3212493,523.0000000000146,,
N1,397,bridge,bridge,23.1874350254302,91.3209051317399,6.1,C,BOSONTA PUR BOX CULVERT
N1,398,link,link,23.1909997,91.3192493,134.99999999998545,,
N1,399,link,link,23.192110800000002,91.31855490000001,865.0000000000146,,
N1,400,bridge,bridge,23.1961887953757,91.3176705069364,6.1,A,ATTOCK GRAM BOX CULVERT
N1,401,link,link,23.1990274,91.31705490000002,229.0,,
N1,402,link,link,23.201,91.31680490000001,771.0,,
N1,403,bridge,bridge,23.2050386287937,91.3163167282749,6.1,A,FALGUNCORA CULVERT
N1,404,link,link,23.2078889,91.3159722,281.9999999999709,,
N1,405,link,link,23.2103056,91.31572220000001,718.0000000000291,,
N1,406,bridge,bridge,23.2131955721448,91.3153497403899,14.3,B,HAYDAR POLE BOX CULVERT
N1,407,link,link,23.2165556,91.3149167,221.9999999999709,,
N1,408,link,link,23.2184993,91.31438890000001,328.00000000001455,,
N1,409,link,link,23.221416,91.3137222,450.00000000001455,,
N1,410,bridge,bridge,23.2220338977777,91.3137005933333,6.0,A,CHADDAGRAM BAZAR BOX CULVERT
N1,411,link,link,23.225388199999998,91.3135833,236.9999999999709,,
N1,412,bridge,bridge,23.2259184472573,91.3135697177215,2.6,B,CHAUDDAGARAM BOX CULVERT
N1,413,link,link,23.2275549,91.31352779999999,448.0000000000291,,
N1,414,bridge,bridge,23.2289195919642,91.3134220678571,3.1,B,KALIA BAZER BOC CULVERT
N1,415,link,link,23.231499300000003,91.31322220000001,315.0,,
N1,416,link,link,23.234305199999998,91.3131667,19.999999999985448,,
N1,417,link,link,23.2344997,91.3131667,817.0,,
N1,418,bridge,bridge,23.2360759516523,91.3129901976744,2.5,A,KALIR BAZAR BOX CULVERT
N1,419,bridge,bridge,23.2397920309669,91.3125740860465,2.6,A,BALUZURI 2 CULVERT
N1,420,link,link,23.241694100000004,91.31236109999999,163.00000000001455,,
N1,421,bridge,bridge,23.2429040619631,91.3119739539877,19.2,B,BALUJURI BOX CULVERT
N1,422,link,link,23.243083,91.3119167,269.99999999998545,,
N1,423,bridge,bridge,23.2443915125925,91.3114032292592,2.5,B,SONAGATI BOX CULVERT
N1,424,link,link,23.2452774,91.3110556,347.0,,
N1,425,link,link,23.2481663,91.3098889,23.000000000014552,,
N1,426,link,link,23.248333,91.3098056,185.9999999999709,,
N1,427,link,link,23.249833,91.3091944,174.0000000000291,,
N1,428,link,link,23.2511944,91.3086389,843.9999999999854,,
N1,429,bridge,bridge,23.2527463398104,91.3083926405213,4.5,B,HARISHARDE CULVERT
N1,430,bridge,bridge,23.2576429774881,91.3076156494075,3.6,B,NOWA PARA BOX CULVERT
N1,431,link,link,23.258722199999998,91.30744440000001,156.00000000001455,,
N1,432,bridge,bridge,23.25941665,91.3073611,3.0,B,RANGOWATIA 2 CULVERT
N1,433,link,link,23.2601111,91.3072778,403.99999999998545,,
N1,434,bridge,bridge,23.2618360940594,91.3070217386138,3.0,B,RANGAMATIA (1) BOX CULVERT
N1,435,link,link,23.263666699999998,91.30675,203.0,,
N1,436,link,link,23.2654444,91.3064444,277.00000000001455,,
N1,437,link,link,23.267749300000002,91.30547220000001,116.0,,
N1,438,link,link,23.268638199999998,91.30497220000001,1000.0,,
N1,439,bridge,bridge,23.27301895,91.3029661882,6.3,B,AMAN GONG SLAB CULVERT
N1,440,link,link,23.2768882,91.3011944,225.99999999998545,,
N1,441,link,link,23.2787216,91.30027779999999,774.0000000000146,,
N1,442,bridge,bridge,23.2821949258397,91.2966655096899,4.6,B,BOWCHI BAZAR CULVERT
N1,443,link,link,23.283583,91.2952219,497.99999999998545,,
N1,444,link,link,23.2876663,91.2936386,502.00000000001455,,
N1,445,bridge,bridge,23.2897066386454,91.2929584711155,13.4,A,SUPUYA BOX CULVERT
N1,446,link,link,23.2919163,91.2922219,466.99999999998545,,
N1,447,link,link,23.295971899999998,91.2915274,13.999999999985448,,
N1,448,link,link,23.296083,91.2914997,519.0000000000291,,
N1,449,bridge,bridge,23.2979675271676,91.2910141369942,3.2,A,LALGORE BEZER CULVERT
N1,450,link,link,23.3006111,91.29033299999999,452.99999999998545,,
N1,451,bridge,bridge,23.3034306450331,91.2889770397351,2.6,B,DHARMA PUR SLAB CULVERT
N1,452,link,link,23.30425,91.288583,547.0000000000146,,
N1,453,bridge,bridge,23.3083612731261,91.2865787034735,19.2,B,DOLL BARI CULVERT
N1,454,link,link,23.3086944,91.2864163,112.99999999998545,,
N1,455,link,link,23.3096389,91.2861386,598.0,,
N1,456,link,link,23.31475,91.2845552,19.000000000014552,,
N1,457,link,link,23.314944399999998,91.2844719,270.0,,
N1,458,link,link,23.3171382,91.2836941,916.9999999999854,,
N1,459,bridge,bridge,23.3180696869138,91.2830867321701,9.2,A,NOYA BAZER BOX CULVERT
N1,460,link,link,23.324082699999998,91.279166,10.0,,
N1,461,link,link,23.324166,91.27911040000001,73.00000000001455,,
N1,462,link,link,23.3246382,91.278666,1000.0,,
N1,463,bridge,bridge,23.3301462324,91.2748792824,24.0,A,MIABAZAR BOX CULVERT
N1,464,link,link,23.3321938,91.2734716,369.0,,
N1,465,link,link,23.334721899999998,91.27116600000001,142.99999999998545,,
N1,466,link,link,23.3357219,91.27030490000001,44.0,,
N1,467,link,link,23.3360274,91.2700549,444.00000000001455,,
N1,468,link,link,23.3390552,91.26722159999998,1000.0,,
N1,469,bridge,bridge,23.342671472,91.264485636,14.3,A,CHANSIRI BOXCUIVERT
N1,470,link,link,23.3463608,91.2616944,312.99999999998545,,
N1,471,link,link,23.3486386,91.2599444,687.0000000000146,,
N1,472,bridge,bridge,23.3521636774381,91.2572910746724,22.8,C,LAL BAG RCC GIDER BRIDGE
N1,473,link,link,23.3536944,91.25613890000001,610.0,,
N1,474,link,link,23.3584444,91.2533333,24.0,,
N1,475,link,link,23.3586389,91.25325,366.0,,
N1,476,link,link,23.3615278,91.2515556,903.9999999999854,,
N1,477,link,link,23.3683327,91.2471108,171.00000000001455,,
N1,478,link,link,23.3695827,91.24627740000001,1000.0,,
N1,479,bridge,bridge,23.3713647755,91.2450175414999,30.4,A,SUAGAZI RCC GIDER BRIDGE
N1,480,link,link,23.377166,91.2409163,71.99999999998545,,
N1,481,link,link,23.3777493,91.2405274,30.0,,
N1,482,link,link,23.377971600000002,91.2403608,898.0000000000146,,
N1,483,link,link,23.3843886,91.2351108,82.99999999998545,,
N1,484,link,link,23.3849719,91.2346108,15.0,,
N1,485,link,link,23.385082999999998,91.2345552,892.0,,
N1,486,link,link,23.3914441,91.22930490000002,10.000000000014552,,
N1,487,link,link,23.391527399999998,91.2292493,1000.0,,
N1,488,bridge,bridge,23.3976518197887,91.2234221346859,27.9,A,RAZAPARA RCC GIDER BRIDGE
N1,489,link,link,23.398213447804338,91.22288776581436,798.9999999999854,,
N1,490,link,link,23.4035556,91.21780490000002,29.0,,
N1,491,link,link,23.40375,91.2176382,172.00000000001455,,
N1,492,link,link,23.4048056,91.2165278,979.9999999999854,,
N1,493,link,link,23.4100278,91.2090833,37.0,,
N1,494,link,link,23.4100833,91.2087778,1027.0000000000146,,
N1,495,link,link,23.411305600000002,91.19888859999999,1007.9999999999709,,
N1,496,bridge,bridge,23.4119324230158,91.1939029849206,27.35,C,Mostapur Bridge
N1,497,link,link,23.4125,91.1893886,461.00000000001455,,
N1,498,link,link,23.4130556,91.1849163,28.0,,
N1,499,link,link,23.413111100000002,91.18466629999999,510.99999999998545,,
N1,500,link,link,23.4149444,91.1801382,538.0000000000146,,
N1,501,link,link,23.4191382,91.1721938,90.0,,
N1,502,link,link,23.4195271,91.17141600000001,427.0,,
N1,503,bridge,bridge,23.4212487704918,91.1678943372365,35.9,B,PADUAR BAZER RCCGIDER
N1,504,link,link,23.421360399999998,91.167666,508.0,,
N1,505,link,link,23.423416,91.16327779999999,37.0,,
N1,506,link,link,23.4235827,91.16297220000001,28.0,,
N1,507,link,link,23.4236938,91.1626944,980.0000000000146,,
N1,508,link,link,23.4288882,91.1553889,1000.0,,
N1,509,link,link,23.437388600000002,91.1521944,683.9999999999854,,
N1,510,link,link,23.442527399999996,91.1497774,463.0,,
N1,511,bridge,bridge,23.4436339598272,91.1493668151188,23.4,A,DHANPUR RCC GIDER BRIDGE
N1,512,link,link,23.446944100000003,91.1481386,210.0,,
N1,513,link,link,23.448638600000002,91.1472497,24.0,,
N1,514,link,link,23.448833,91.14713859999999,303.0,,
N1,515,link,link,23.4513056,91.1460552,932.0,,
N1,516,link,link,23.459,91.142333,68.0,,
N1,517,link,link,23.459583300000002,91.1421386,1000.0,,
N1,518,link,link,23.468221600000003,91.1394441,1000.0,,
N1,519,link,link,23.4767216,91.1364441,1000.0,,
N1,520,bridge,bridge,23.479544924,91.129047144,2.9,A,AMTOLI SLAB CULVERT
N1,521,link,link,23.4800827,91.12763819999999,436.00000000001455,,
N1,522,bridge,bridge,23.4794083880733,91.1238920825688,1.4,A,TIPRA BAZAR BOX CULVERT
N1,523,link,link,23.4793327,91.12347159999999,546.9999999999854,,
N1,524,link,link,23.4789716,91.118166,17.0,,
N1,525,link,link,23.4789716,91.11799930000001,28.0,,
N1,526,link,link,23.4789438,91.1177216,972.0,,
N1,527,bridge,bridge,23.4781159049382,91.1070332074074,3.0,B,NAZIRA BOX CULVERT
N1,528,link,link,23.4779993,91.10552779999999,487.0,,
N1,529,link,link,23.4778604,91.1036111,513.0,,
N1,530,link,link,23.4775549,91.09866629999999,1000.0,,
N1,531,link,link,23.4781938,91.0889997,1000.0,,
N1,532,bridge,bridge,23.4776722851,91.0847406393,1.0,C,KABILA DUBARCHAR SLAB CULVERT
N1,533,link,link,23.4770271,91.07947159999999,56.0,,
N1,534,link,link,23.4770827,91.0789993,944.0,,
N1,535,link,link,23.4801104,91.0706382,1000.0,,
N1,536,bridge,bridge,23.480613086,91.0674097692,1.5,A,NIMSHAR SLAB CULVERT
N1,537,link,link,23.4815549,91.06136109999998,240.0,,
N1,538,link,link,23.4815271,91.0590278,760.0,,
N1,539,bridge,bridge,23.4817498298684,91.0563549686842,4.6,B,COREPAI BOX CULVERT
N1,540,link,link,23.482138199999998,91.0516944,129.0,,
N1,541,link,link,23.4820827,91.0504167,871.0,,
N1,542,bridge,bridge,23.4817873233065,91.0463348850746,4.6,B,CORI PAI BOX CULVERT
N1,543,link,link,23.481471600000003,91.04197190000001,141.0,,
N1,544,link,link,23.481166,91.0404441,913.0,,
N1,545,link,link,23.4827771,91.03213819999999,1000.0,,
N1,546,link,link,23.484638600000004,91.0229438,1020.0,,
N1,547,bridge,bridge,23.4868805937254,91.017566692647,23.1,C,CHANDINA- SHAHA PARA RCC GIDER GRIDGE
N1,548,link,link,23.488332999999997,91.0140833,198.0,,
N1,549,link,link,23.4889441,91.01225,30.0,,
N1,550,link,link,23.4890552,91.0120278,84.0,,
N1,551,link,link,23.4893052,91.01127779999999,734.0,,
N1,552,link,link,23.4896108,91.0043056,71.0,,
N1,553,link,link,23.4893886,91.0034722,22.0,,
N1,554,link,link,23.489444100000004,91.0033056,890.0,,
N1,555,link,link,23.491138600000003,90.99502740000001,1000.0,,
N1,556,bridge,bridge,23.4932728146,90.9887200416,4.5,A,MILL GHAT BOX CULVERT
N1,557,link,link,23.4942497,90.985833,306.0,,
N1,558,link,link,23.495138600000004,90.9829993,694.0,,
N1,559,link,link,23.4942219,90.97655490000001,1000.0,,
N1,560,bridge,bridge,23.495896314,90.9715772516,4.6,B,KARON KHAL SLAB CULVERT
N1,561,link,link,23.497277399999998,90.9674716,183.0,,
N1,562,link,link,23.4980552,90.96602779999999,274.0000000000073,,
N1,563,link,link,23.498638600000003,90.96511109999999,1000.0,,
N1,564,link,link,23.499527399999998,90.9541667,999.9999999999927,,
N1,565,bridge,bridge,23.5013551924,90.9473844088999,3.0,A,SONAPUR BOX CULVERT
N1,566,link,link,23.5020278,90.9448886,375.0,,
N1,567,bridge,bridge,23.5024077848,90.9432418928,6.0,B,MATIA BAZER
N1,568,link,link,23.5028611,90.9412774,352.0,,
N1,569,link,link,23.5038611,90.9371386,264.0,,
N1,570,link,link,23.504333300000003,90.93547190000001,9.0,,
N1,571,link,link,23.5042778,90.9354163,1000.0,,
N1,572,link,link,23.505527800000003,90.92572159999999,1000.0,,
N1,573,bridge,bridge,23.5056131416,90.9214660218,3.0,B,BAKRA BOX CULVERT
N1,574,link,link,23.505722199999997,90.9160278,89.0,,
N1,575,link,link,23.50575,90.91525,911.0,,
N1,576,link,link,23.506277800000003,90.90638890000001,1000.0,,
N1,577,bridge,bridge,23.5060024341,90.9021745389,5.9,B,KHAT GHOR BOX CULVERT
N1,578,link,link,23.5056389,90.8966108,78.0,,
N1,579,link,link,23.5056111,90.89588859999999,922.0,,
N1,580,link,link,23.506,90.8869163,1000.0,,
N1,581,link,link,23.508805600000002,90.8778604,792.0,,
N1,582,bridge,bridge,23.510087758207,90.8757204035353,28.9,B,ILLIOT BAZER
N1,583,link,link,23.512666699999997,90.871416,102.0,,
N1,584,link,link,23.5131111,90.8706382,42.0,,
N1,585,link,link,23.513305600000002,90.87030490000001,64.0,,
N1,586,link,link,23.5135833,90.8697771,1000.0,,
N1,587,link,link,23.5170827,90.8607778,1000.0,,
N1,588,link,link,23.5174993,90.8513889,1000.0,,
N1,589,bridge,bridge,23.5229166652,90.8442186132,4.5,C,AITAL BANGA BOX CULVERT
N1,590,link,link,23.523166,90.8438886,633.0,,
N1,591,link,link,23.5270549,90.8391386,367.0,,
N1,592,link,link,23.529221600000003,90.83652740000001,1000.0,,
N1,593,bridge,bridge,23.5329743291,90.8309774761999,12.2,A,RAIPUR BOX CULVERT
N1,594,link,link,23.5344997,90.8287216,390.0,,
N1,595,link,link,23.534721899999997,90.8251104,16.0,,
N1,596,link,link,23.5346663,90.82497159999998,594.0,,
N1,597,link,link,23.5332493,90.81947159999999,1000.0,,
N1,598,bridge,bridge,23.5318234765,90.8110155135,15.9,C,Ginlatoly
N1,599,link,link,23.5316382,90.8099167,577.0,,
N1,600,link,link,23.530916,90.8043611,20.0,,
N1,601,link,link,23.5308882,90.80413890000001,403.0,,
N1,602,link,link,23.530860399999998,90.80022220000001,45.0,,
N1,603,link,link,23.530693799999998,90.7924441,955.0,,
N1,604,bridge,bridge,23.5308683409424,90.7918075171727,6.5,C,AMIRABATH SLAB CULVERT
N1,605,link,link,23.531166,90.79072190000001,108.0,,
N1,606,link,link,23.531221600000002,90.78955520000001,772.9999999999927,,
N1,607,link,link,23.530666,90.7821938,66.00000000001455,,
N1,608,link,link,23.5307493,90.7816104,52.999999999992724,,
N1,609,link,link,23.5308049,90.7811104,815.0000000000073,,
N1,610,bridge,bridge,23.5307655282208,90.7800797251533,3.9,C,SARKAR BARI CULVERT
N1,611,link,link,23.530499300000002,90.77311040000001,184.99999999999272,,
N1,612,link,link,23.5304438,90.77130490000002,1000.0,,
N1,613,link,link,23.5299993,90.7615,1000.0,,
N1,614,bridge,bridge,23.5298050611,90.75825325,16.5,C,SHAHID NAGIR
N1,615,link,link,23.529416,90.75175,24.0,,
N1,616,link,link,23.5293882,90.7515833,17.0,,
N1,617,link,link,23.5293882,90.75141670000001,967.0,,
N1,618,link,link,23.528999300000002,90.7419441,654.0,,
N1,619,link,link,23.528916,90.7356108,1000.0,,
N1,620,bridge,bridge,23.5317587831999,90.7291780095,6.0,B,MAIS PARA BOX CULVERT
N1,621,link,link,23.532721600000002,90.7269993,487.0,,
N1,622,bridge,bridge,23.5324186,90.7242807234,21.8,C,BALDHA KHAL RCC GIDER BRIDGE
N1,623,link,link,23.532234600000002,90.7226298386,513.0,,
N1,624,link,link,23.5317216,90.7180271,47.0,,
N1,625,link,link,23.531582699999998,90.7176104,17.0,,
N1,626,link,link,23.5315271,90.7173604,77.0,,
N1,627,link,link,23.531471600000003,90.71722159999999,426.0,,
N1,628,link,link,23.5313882,90.7153611,355.0,,
N1,629,link,link,23.5307771,90.70902779999999,78.0,,
N1,630,link,link,23.5307493,90.70827779999999,1000.0,,
N1,631,bridge,bridge,23.5303844733,90.7024402743,1408.8,C,Daud Kandi Bridge
N1,632,link,link,23.5301382,90.6984997,336.0,,
N1,633,link,link,23.529916,90.6952219,664.0,,
N1,634,bridge,bridge,23.5301519626506,90.6897951837349,8.4,A,CHAR BOUSHEA (2)
N1,635,link,link,23.5301938,90.688833,651.0000000000073,,
N1,636,bridge,bridge,23.5313996605222,90.68744892596,24.5,B,CHAR BOWSHIA BRIDGE(R)
N1,637,bridge,bridge,23.5327751898617,90.6858701078341,9.5,A,.
N1,638,link,link,23.534138600000002,90.6843052,274.9999999999927,,
N1,639,link,link,23.535860800000002,90.68236040000001,40.0,,
N1,640,link,link,23.536082999999998,90.6821382,34.0,,
N1,641,link,link,23.5362497,90.681916,1000.0,,
N1,642,bridge,bridge,23.5393910168,90.6784577888,5.1,C,BOCTAR KANDI BOX CULVERT
N1,643,link,link,23.542583,90.6749438,256.0,,
N1,644,bridge,bridge,23.54268543125,90.6748292125,59.2,A,MADHAYA BAUSHIA BRIDGE(R)
N1,645,link,link,23.544221899999997,90.6731104,443.0,,
N1,646,link,link,23.5469441,90.6699993,77.00000000000728,,
N1,647,link,link,23.5474163,90.6694438,223.99999999999272,,
N1,648,bridge,bridge,23.5476246437499,90.669192065625,5.2,A,NOYAPARA
N1,649,bridge,bridge,23.5477377446428,90.6690554098214,9.1,A,PURRANBUICHE BOX CULVERT
N1,650,link,link,23.548749700000002,90.6678327,582.0,,
N1,651,bridge,bridge,23.5517421907216,90.6643538752577,28.9,A,BOBAIRCHAR BRIDGE(R)
N1,652,link,link,23.5523333,90.66366670000001,242.0,,
N1,653,link,link,23.5538056,90.66197220000001,395.0,,
N1,654,bridge,bridge,23.5557082901265,90.6597414245569,29.0,A,VOBAR CHAR BRIDGE(R)
N1,655,link,link,23.556222199999997,90.6591389,39.99999999999636,,
N1,656,link,link,23.5564444,90.6588611,412.00000000000364,,
N1,657,link,link,23.559027800000003,90.6559444,162.0,,
N1,658,bridge,bridge,23.5591910296296,90.6557475703703,26.3,A,ALI PURA P.C BRIDGE (RIGHT)
N1,659,link,link,23.559972199999997,90.6548056,39.0,,
N1,660,link,link,23.5602222,90.6545,38.0,,
N1,661,link,link,23.560416699999998,90.6542222,532.0,,
N1,662,link,link,23.5636944,90.65047220000001,38.0,,
N1,663,link,link,23.5639167,90.6501944,368.0,,
N1,664,bridge,bridge,23.5660033956521,90.6486237247282,34.7,A,VITIKANDA - ANAR PUR CULVERT
N1,665,link,link,23.5666111,90.6481663,645.9999999999964,,
N1,666,bridge,bridge,23.5716306256965,90.6454159236842,29.0,A,ANARPUR BRIDGE(R)
N1,667,link,link,23.571832699999998,90.6453052,46.000000000007276,,
N1,668,link,link,23.572166,90.6451108,307.99999999999636,,
N1,669,link,link,23.5745271,90.6436941,395.99999999999636,,
N1,670,link,link,23.577610399999998,90.6421108,39.00000000000364,,
N1,671,link,link,23.577916000000002,90.6419719,655.9999999999964,,
N1,672,bridge,bridge,23.5779800248475,90.6419193089939,163.5,A,BHATIR CHAR BRIDGE
N1,673,link,link,23.5825827,90.63813859999999,39.00000000000364,,
N1,674,link,link,23.582832699999997,90.6378886,126.0,,
N1,675,link,link,23.583749700000002,90.6369441,874.0,,
N1,676,bridge,bridge,23.58631812254,90.6345094207093,5.6,A,MALUAKANDI CULVEDRT
N1,677,link,link,23.5896108,90.6313882,315.99999999999636,,
N1,678,bridge,bridge,23.5908088547468,90.6302368598101,5.5,A,BAILAKANDI CULVERT
N1,679,link,link,23.5917497,90.6293327,674.0000000000036,,
N1,680,bridge,bridge,23.5929818827893,90.6279699370919,5.6,A,TATULTALA CULVERT
N1,681,link,link,23.5959441,90.6246938,10.0,,
N1,682,link,link,23.5959997,90.624666,1000.0,,
N1,683,link,link,23.6009444,90.6165556,126.0,,
N1,684,link,link,23.6018611,90.6159722,874.0,,
N1,685,bridge,bridge,23.6027595885583,90.6155316965675,900.0,C,MEGHNA BRIDGE
N1,686,link,link,23.609,90.61247220000001,65.0,,
N1,687,link,link,23.6095556,90.6121944,935.0,,
N1,688,bridge,bridge,23.613587384385,90.6109029561497,116.8,B,ASHIR CHAR (R)
N1,689,link,link,23.6173604,90.6096944,254.99999999999636,,
N1,690,bridge,bridge,23.6176407964705,90.6095506105882,224.8,A,ASHIR CHAR (Right)
N1,691,link,link,23.6195271,90.60858329999999,122.00000000000364,,
N1,692,bridge,bridge,23.6198832229508,90.6083528852459,5.5,B,SANGAKADI CULVERT
N1,693,link,link,23.620471600000002,90.6079722,258.99999999999636,,
N1,694,link,link,23.6224993,90.6066944,228.00000000000364,,
N1,695,link,link,23.624221600000002,90.60552779999999,136.0,,
N1,696,link,link,23.625221600000003,90.6049722,129.99999999999636,,
N1,697,link,link,23.6262771,90.60422220000001,975.0000000000036,,
N1,698,bridge,bridge,23.6284668507692,90.6023015723077,89.2,A,MARIKHALL BRIDGE
N1,699,link,link,23.6330549,90.59827740000001,82.0,,
N1,700,link,link,23.6335552,90.5976941,100.0,,
N1,701,bridge,bridge,23.63380522,90.597394085,10.4,B,SHADIPUR BOX CULVERT
N1,702,link,link,23.634110800000002,90.59702740000002,298.0,,
N1,703,link,link,23.6358608,90.5948052,520.0,,
N1,704,bridge,bridge,23.6379543715384,90.5936673976923,6.0,A,KRIBORDI BOX CULVERT
N1,705,link,link,23.639694100000003,90.5927219,3.0,,
N1,706,link,link,23.6397497,90.5926941,643.0,,
N1,707,link,link,23.644944100000004,90.5899163,354.0,,
N1,708,bridge,bridge,23.6459685949152,90.5892119813559,40.5,C,MOLLIK PARA BRIDGE (R)
N1,709,link,link,23.647610800000002,90.588083,620.0,,
N1,710,bridge,bridge,23.6497543993548,90.5845490085483,24.5,B,SONARKALI BRIDGE(R)
N1,711,link,link,23.6506944,90.5829993,41.0,,
N1,712,link,link,23.650888899999998,90.5826382,339.0,,
N1,713,bridge,bridge,23.6515705663716,90.5814943946902,20.0,B,DARIKANDI BRIDGE (R)
N1,714,link,link,23.6525278,90.5798882,290.0,,
N1,715,link,link,23.6539167,90.5774993,30.0,,
N1,716,bridge,bridge,23.65397226,90.57741042,20.45,A,Darikandi Bridge (R)
N1,717,link,link,23.6540556,90.57727709999999,352.0,,
N1,718,bridge,bridge,23.6544257051136,90.576730225,159.5,B,LANGOLBANDO PC GIDER BRIDGE
N1,719,link,link,23.6559167,90.5745271,21.0,,
N1,720,link,link,23.655972199999997,90.5743327,307.0,,
N1,721,link,link,23.6575,90.57197159999998,122.0,,
N1,722,link,link,23.658305600000002,90.5709993,160.0,,
N1,723,link,link,23.6591111,90.5697216,307.0,,
N1,724,link,link,23.6604167,90.5671104,411.0,,
N1,725,link,link,23.662833300000003,90.56411109999999,961.0000000000018,,
N1,726,bridge,bridge,23.6633090696149,90.563856994797,5.55,B,MALIBAG BOX CULVERT
N1,727,link,link,23.6705827,90.5599722,38.99999999999818,,
N1,728,link,link,23.670916000000002,90.55977779999999,1000.0,,
N1,729,bridge,bridge,23.6778035,90.5558194349999,11.9,A,KAWTALA BOX CULVERT
N1,730,link,link,23.678166,90.5556111,852.0,,
N1,731,bridge,bridge,23.6853619779342,90.5513591765258,27.5,A,Madanpur Bridge(R)
N1,732,link,link,23.6854997,90.5512778,148.0,,
N1,733,bridge,bridge,23.685583027027,90.551207981081,26.3,A,MADAN PUR (R)
N1,734,link,link,23.6865274,90.5504167,588.0,,
N1,735,bridge,bridge,23.6883197331632,90.548649807653,6.1,A,DAWAN BAG BOX CULVERT
N1,736,bridge,bridge,23.6884123260204,90.5485585290816,9.3,A,KHAS PARA BOX CULVERT
N1,737,link,link,23.6904163,90.546583,165.00000000000182,,
N1,738,bridge,bridge,23.6909119315151,90.5454624957575,10.6,B,NAYABARI BOX CULVERT
N1,739,link,link,23.6910552,90.54513859999999,25.99999999999818,,
N1,740,link,link,23.6911108,90.5448886,248.0,,
N1,741,link,link,23.6918052,90.5426108,184.00000000000182,,
N1,742,link,link,23.6922774,90.5410552,427.9999999999982,,
N1,743,bridge,bridge,23.6923601518691,90.5409183897196,8.3,A,NAYABARI KASPUR BOX CULVERT
N1,744,bridge,bridge,23.6943023869158,90.5377073719626,6.3,A,ADUPUR CULVERT
N1,745,link,link,23.694360800000002,90.5376108,382.0,,
N1,746,bridge,bridge,23.6943906141361,90.5375740774869,6.3,A,NOYAPARA CULVERT
N1,747,bridge,bridge,23.6964000869109,90.5350989801047,8.0,B,KATCHPUR BOX CULVERT
N1,748,link,link,23.696638600000004,90.53480520000001,126.0,,
N1,749,link,link,23.6974163,90.5337774,414.0,,
N1,750,link,link,23.6998608,90.53072159999999,348.0,,
N1,751,link,link,23.7015278,90.5281938,112.0,,
N1,752,link,link,23.702527800000002,90.5273882,740.0,,
N1,753,bridge,bridge,23.7050598925675,90.5232141463513,397.0,C,KANCHPUR PC GIRDER BRIDGE
N1,754,link,link,23.706083300000003,90.5215271,260.0,,
N1,755,link,link,23.705027800000003,90.5193327,74.0,,
N1,756,link,link,23.704583300000003,90.5188327,417.9999999999991,,
N1,757,link,link,23.7021111,90.5157778,11.00000000000091,,
N1,758,link,link,23.7020556,90.51572220000001,819.0,,
N1,759,link,link,23.6979163,90.50927779999999,181.0,,
N1,760,link,link,23.697333,90.50775,1000.0,,
N1,761,link,link,23.6959163,90.49819409999999,1000.0,,
N1,762,link,link,23.6947497,90.48849969999999,825.0,,
N1,763,bridge,bridge,23.6946638363636,90.4877749181818,6.6,A,.
N1,764,link,link,23.6938052,90.48052709999999,175.0,,
N1,765,link,link,23.693610800000002,90.4787771,1000.0,,
N1,766,link,link,23.693832999999998,90.4691382,870.0,,
N1,767,link,link,23.697360800000002,90.4616667,130.0,,
N1,768,link,link,23.697888600000002,90.4605833,1000.0,,
N1,769,bridge,bridge,23.69873866,90.4588610799999,11.3,A,.
N1,770,link,link,23.702138899999998,90.4519722,177.9999999999999,,
N1,771,link,link,23.702777800000003,90.45047220000001,8.000000000000114,,
N1,772,link,link,23.7029167,90.4504167,814.0,,
N1,773,sink,sink,23.7060278,90.443333,0.0,,
